"","date","meantemp","order","transformed"
"1",2013-01-01,10,1,0.122270742374097
"2",2013-01-02,7.4,2,0.0427947598309338
"3",2013-01-03,7.166666667,3,0.0356622998693008
"4",2013-01-04,8.666666667,4,0.0815138282595869
"5",2013-01-05,6,5,0
"6",2013-01-06,7,6,0.0305676855935242
"7",2013-01-07,7,7,0.0305676855935242
"8",2013-01-08,8.857142857,8,0.0873362445485593
"9",2013-01-09,14,9,0.244541484748193
"10",2013-01-10,11,10,0.152838427967621
"11",2013-01-11,15.71428571,11,0.296943231348945
"12",2013-01-12,14,12,0.244541484748193
"13",2013-01-13,15.83333333,13,0.300582241567762
"14",2013-01-14,12.83333333,14,0.208879184787189
"15",2013-01-15,14.71428571,15,0.26637554575542
"16",2013-01-16,13.83333333,16,0.239446870380714
"17",2013-01-17,16.5,17,0.320960698732004
"18",2013-01-18,13.83333333,18,0.239446870380714
"19",2013-01-19,12.5,19,0.198689956357907
"20",2013-01-20,11.28571429,20,0.161572052553918
"21",2013-01-21,11.2,21,0.158951965086326
"22",2013-01-22,9.5,22,0.106986899577335
"23",2013-01-23,14,23,0.244541484748193
"24",2013-01-24,13.83333333,24,0.239446870380714
"25",2013-01-25,12.25,25,0.191048034959526
"26",2013-01-26,12.66666667,26,0.203784570725387
"27",2013-01-27,12.85714286,27,0.209606987014359
"28",2013-01-28,14.83333333,28,0.270014555974238
"29",2013-01-29,14.125,29,0.248362445447384
"30",2013-01-30,14.71428571,30,0.26637554575542
"31",2013-01-31,16.2,31,0.311790393053946
"32",2013-02-01,16,32,0.305676855935242
"33",2013-02-02,16.28571429,33,0.314410480521539
"34",2013-02-03,18,34,0.36681222712229
"35",2013-02-04,17.42857143,35,0.349344978255373
"36",2013-02-05,16.625,36,0.324781659431194
"37",2013-02-06,16.66666667,37,0.326055313099483
"38",2013-02-07,15.6,38,0.293449781697832
"39",2013-02-08,14,39,0.244541484748193
"40",2013-02-09,15.42857143,40,0.288209607068324
"41",2013-02-10,15.25,41,0.282751091740098
"42",2013-02-11,15.875,42,0.301855895236051
"43",2013-02-12,15.33333333,43,0.285298398771
"44",2013-02-13,16.28571429,44,0.314410480521539
"45",2013-02-14,17.33333333,45,0.346433769958048
"46",2013-02-15,19.16666667,46,0.402474527083294
"47",2013-02-16,14.42857143,47,0.2576419214748
"48",2013-02-17,13.66666667,48,0.234352256318911
"49",2013-02-18,15.6,49,0.293449781697832
"50",2013-02-19,15.85714286,50,0.301310043794931
"51",2013-02-20,17.71428571,51,0.358078602535993
"52",2013-02-21,20,52,0.427947598309338
"53",2013-02-22,20.5,53,0.4432314411061
"54",2013-02-23,17.42857143,54,0.349344978255373
"55",2013-02-24,16.85714286,55,0.331877729388456
"56",2013-02-25,16.875,56,0.332423580829575
"57",2013-02-26,17.85714286,57,0.36244541498198
"58",2013-02-27,20.8,58,0.452401746784157
"59",2013-02-28,19.42857143,59,0.410480349442421
"60",2013-03-01,17.33333333,60,0.346433769958048
"61",2013-03-02,19,61,0.397379912715814
"62",2013-03-03,19.33333333,62,0.407569141145096
"63",2013-03-04,17.6,63,0.35458515288488
"64",2013-03-05,20.875,64,0.454694323203672
"65",2013-03-06,20.85714286,65,0.454148471762552
"66",2013-03-07,23.42857143,66,0.532751091816518
"67",2013-03-08,24.16666667,67,0.555312955050914
"68",2013-03-09,25.42857143,68,0.593886463003566
"69",2013-03-10,23.14285714,69,0.524017467230221
"70",2013-03-11,24,70,0.550218340683435
"71",2013-03-12,23.5,71,0.534934497886673
"72",2013-03-13,21.5,72,0.473799126699624
"73",2013-03-14,22.33333333,73,0.499272197925669
"74",2013-03-15,24.16666667,74,0.555312955050914
"75",2013-03-16,20.33333333,75,0.438136826738621
"76",2013-03-17,22.66666667,76,0.509461426660628
"77",2013-03-18,23.42857143,77,0.532751091816518
"78",2013-03-19,22.5,78,0.504366812293149
"79",2013-03-20,29.16666667,79,0.708151383018535
"80",2013-03-21,23.83333333,80,0.545123726315955
"81",2013-03-22,25.25,81,0.58842794767534
"82",2013-03-23,27.375,82,0.653384279561579
"83",2013-03-24,27,83,0.641921397464007
"84",2013-03-25,23.5,84,0.534934497886673
"85",2013-03-26,24.14285714,85,0.554585152823745
"86",2013-03-27,21,86,0.458515283902862
"87",2013-03-28,22.42857143,87,0.502183406222994
"88",2013-03-29,21.25,88,0.466157205301243
"89",2013-03-30,23.5,89,0.534934497886673
"90",2013-03-31,23.2,90,0.525764192208615
"91",2013-04-01,25.375,91,0.59224890837453
"92",2013-04-02,25.16666667,92,0.585880640644439
"93",2013-04-03,26.2,93,0.617467248989188
"94",2013-04-04,24.6,94,0.568558952039549
"95",2013-04-05,25.6,95,0.599126637633073
"96",2013-04-06,25.85714286,96,0.606986899730173
"97",2013-04-07,29.14285714,97,0.707423580791366
"98",2013-04-08,28.71428571,98,0.694323144064758
"99",2013-04-09,30.16666667,99,0.738719068612059
"100",2013-04-10,30,100,0.73362445424458
"101",2013-04-11,30,101,0.73362445424458
"102",2013-04-12,28.85714286,102,0.698689956510745
"103",2013-04-13,30.2,103,0.739737991363284
"104",2013-04-14,28.25,104,0.680131004455912
"105",2013-04-15,28.25,105,0.680131004455912
"106",2013-04-16,32.125,106,0.798580786130819
"107",2013-04-17,29.2,107,0.70917030576976
"108",2013-04-18,30.28571429,108,0.742358078830877
"109",2013-04-19,28.28571429,109,0.681222707643828
"110",2013-04-20,30.625,110,0.752729257740532
"111",2013-04-21,27.66666667,111,0.662299854628249
"112",2013-04-22,27.375,112,0.653384279561579
"113",2013-04-23,28.625,113,0.691593886553484
"114",2013-04-24,30.28571429,114,0.742358078830877
"115",2013-04-25,31.14285714,115,0.768558951978414
"116",2013-04-26,29.875,116,0.729803493545389
"117",2013-04-27,31.14285714,117,0.768558951978414
"118",2013-04-28,30.57142857,118,0.751091703111497
"119",2013-04-29,32.125,119,0.798580786130819
"120",2013-04-30,31.14285714,120,0.768558951978414
"121",2013-05-01,31.85714286,121,0.790393013291318
"122",2013-05-02,29.83333333,122,0.7285298398771
"123",2013-05-03,28.57142857,123,0.689956331924448
"124",2013-05-04,32.85714286,124,0.820960698884842
"125",2013-05-05,32.625,125,0.813864628927581
"126",2013-05-06,32.75,126,0.817685589626771
"127",2013-05-07,32.875,127,0.821506550325962
"128",2013-05-08,34.5,128,0.871179039415438
"129",2013-05-09,34.28571429,129,0.864628821204973
"130",2013-05-10,34,130,0.855895196618676
"131",2013-05-11,30.75,131,0.756550218439723
"132",2013-05-12,29.85714286,132,0.72925764210427
"133",2013-05-13,31.71428571,133,0.786026200845331
"134",2013-05-14,32.28571429,134,0.803493450017925
"135",2013-05-15,33,135,0.825327511025152
"136",2013-05-16,33,136,0.825327511025152
"137",2013-05-17,32.83333333,137,0.820232896657673
"138",2013-05-18,31.4,138,0.776419214075513
"139",2013-05-19,35.33333333,139,0.896652110641483
"140",2013-05-20,36.4,140,0.929257642043134
"141",2013-05-21,36,141,0.917030567805725
"142",2013-05-22,36.75,142,0.939956332000868
"143",2013-05-23,37.5,143,0.962882096196011
"144",2013-05-24,38.42857143,144,0.99126637571938
"145",2013-05-25,38.71428571,145,1
"146",2013-05-26,37.8,146,0.972052401874068
"147",2013-05-27,35.85714286,147,0.912663755665415
"148",2013-05-28,35.33333333,148,0.896652110641483
"149",2013-05-29,34.14285714,149,0.860262008758986
"150",2013-05-30,32.2,150,0.800873362550333
"151",2013-05-31,33.625,151,0.844432314521105
"152",2013-06-01,32,152,0.794759825431628
"153",2013-06-02,32.4,153,0.806986899669038
"154",2013-06-03,35.6,154,0.904803493568315
"155",2013-06-04,35.85714286,155,0.912663755665415
"156",2013-06-05,37.16666667,156,0.952692867766728
"157",2013-06-06,31.28571429,157,0.772925764424401
"158",2013-06-07,34,158,0.855895196618676
"159",2013-06-08,34.2,159,0.862008733737381
"160",2013-06-09,36.16666667,160,0.922125182173204
"161",2013-06-10,36.625,161,0.936135371301677
"162",2013-06-11,30.16666667,162,0.738719068612059
"163",2013-06-12,34.14285714,163,0.860262008758986
"164",2013-06-13,29.83333333,164,0.7285298398771
"165",2013-06-14,30.14285714,165,0.73799126638489
"166",2013-06-15,30.71428571,166,0.755458515251807
"167",2013-06-16,27,167,0.641921397464007
"168",2013-06-17,26.875,168,0.638100436764817
"169",2013-06-18,28.4,169,0.684716157294941
"170",2013-06-19,29.85714286,170,0.72925764210427
"171",2013-06-20,33,171,0.825327511025152
"172",2013-06-21,34.83333333,172,0.881368267844721
"173",2013-06-22,35.6,173,0.904803493568315
"174",2013-06-23,35.16666667,174,0.89155749657968
"175",2013-06-24,33.14285714,175,0.829694323165462
"176",2013-06-25,30.57142857,176,0.751091703111497
"177",2013-06-26,30.66666667,177,0.754002911408821
"178",2013-06-27,31.42857143,178,0.777292576564711
"179",2013-06-28,31.5,179,0.779475982634866
"180",2013-06-29,33.25,180,0.832969432423533
"181",2013-06-30,32.83333333,181,0.820232896657673
"182",2013-07-01,33.85714286,182,0.851528384478366
"183",2013-07-02,33.14285714,183,0.829694323165462
"184",2013-07-03,31.57142857,184,0.781659388705021
"185",2013-07-04,32.375,185,0.8062227075292
"186",2013-07-05,32.8,186,0.819213973906447
"187",2013-07-06,31,187,0.764192139838104
"188",2013-07-07,31.16666667,188,0.769286754205583
"189",2013-07-08,29.83333333,189,0.7285298398771
"190",2013-07-09,29,190,0.703056768651055
"191",2013-07-10,29.75,191,0.725982532846199
"192",2013-07-11,32.5,192,0.81004366822839
"193",2013-07-12,28.875,193,0.699235807951865
"194",2013-07-13,31.75,194,0.787117904033247
"195",2013-07-14,30.75,195,0.756550218439723
"196",2013-07-15,31.75,196,0.787117904033247
"197",2013-07-16,29.875,197,0.729803493545389
"198",2013-07-17,31.125,198,0.768013100537294
"199",2013-07-18,31.75,199,0.787117904033247
"200",2013-07-19,30.5,200,0.748908297041342
"201",2013-07-20,26.83333333,201,0.636826783096528
"202",2013-07-21,28.2,202,0.678602620176236
"203",2013-07-22,29.5,203,0.718340611447818
"204",2013-07-23,31.85714286,204,0.790393013291318
"205",2013-07-24,29.71428571,205,0.724890829658283
"206",2013-07-25,28.33333333,206,0.682678311486814
"207",2013-07-26,30,207,0.73362445424458
"208",2013-07-27,30.14285714,208,0.73799126638489
"209",2013-07-28,32.28571429,209,0.803493450017925
"210",2013-07-29,31,210,0.764192139838104
"211",2013-07-30,30.5,211,0.748908297041342
"212",2013-07-31,28.83333333,212,0.697962154283576
"213",2013-08-01,30,213,0.73362445424458
"214",2013-08-02,31.57142857,214,0.781659388705021
"215",2013-08-03,32.5,215,0.81004366822839
"216",2013-08-04,32.5,216,0.81004366822839
"217",2013-08-05,29.5,217,0.718340611447818
"218",2013-08-06,27.16666667,218,0.647016011831487
"219",2013-08-07,28.375,219,0.683951965155103
"220",2013-08-08,28.5,220,0.687772925854293
"221",2013-08-09,27.16666667,221,0.647016011831487
"222",2013-08-10,29.42857143,222,0.716157205377663
"223",2013-08-11,30,223,0.73362445424458
"224",2013-08-12,29.5,224,0.718340611447818
"225",2013-08-13,30.75,225,0.756550218439723
"226",2013-08-14,29.66666667,226,0.723435225815297
"227",2013-08-15,27.71428571,227,0.663755458471234
"228",2013-08-16,26.6,228,0.629694323226598
"229",2013-08-17,27.42857143,229,0.655021834190614
"230",2013-08-18,28.33333333,230,0.682678311486814
"231",2013-08-19,28.16666667,231,0.677583697425011
"232",2013-08-20,27.375,232,0.653384279561579
"233",2013-08-21,28.33333333,233,0.682678311486814
"234",2013-08-22,29.16666667,234,0.708151383018535
"235",2013-08-23,31.28571429,235,0.772925764424401
"236",2013-08-24,32,236,0.794759825431628
"237",2013-08-25,29,237,0.703056768651055
"238",2013-08-26,32,238,0.794759825431628
"239",2013-08-27,32.14285714,239,0.799126637571938
"240",2013-08-28,30.14285714,240,0.73799126638489
"241",2013-08-29,31.5,241,0.779475982634866
"242",2013-08-30,29.16666667,242,0.708151383018535
"243",2013-08-31,29,243,0.703056768651055
"244",2013-09-01,30,244,0.73362445424458
"245",2013-09-02,31.85714286,245,0.790393013291318
"246",2013-09-03,32.75,246,0.817685589626771
"247",2013-09-04,31.71428571,247,0.786026200845331
"248",2013-09-05,31.66666667,248,0.784570597002346
"249",2013-09-06,30.57142857,249,0.751091703111497
"250",2013-09-07,30.83333333,250,0.759097525470624
"251",2013-09-08,28,251,0.672489083057531
"252",2013-09-09,31,252,0.764192139838104
"253",2013-09-10,29.66666667,253,0.723435225815297
"254",2013-09-11,30.85714286,254,0.759825327697794
"255",2013-09-12,31.16666667,255,0.769286754205583
"256",2013-09-13,31.14285714,256,0.768558951978414
"257",2013-09-14,30.5,257,0.748908297041342
"258",2013-09-15,31.625,258,0.783296943334056
"259",2013-09-16,29.66666667,259,0.723435225815297
"260",2013-09-17,29.25,260,0.710698690049437
"261",2013-09-18,29.14285714,261,0.707423580791366
"262",2013-09-19,29.8,262,0.727510917125875
"263",2013-09-20,28.66666667,263,0.692867540221773
"264",2013-09-21,25.2,264,0.586899563395664
"265",2013-09-22,28.33333333,265,0.682678311486814
"266",2013-09-23,30.28571429,266,0.742358078830877
"267",2013-09-24,30.75,267,0.756550218439723
"268",2013-09-25,28.57142857,268,0.689956331924448
"269",2013-09-26,28.2,269,0.678602620176236
"270",2013-09-27,29,270,0.703056768651055
"271",2013-09-28,30,271,0.73362445424458
"272",2013-09-29,28.14285714,272,0.676855895197841
"273",2013-09-30,26.85714286,273,0.637554585323697
"274",2013-10-01,28.28571429,274,0.681222707643828
"275",2013-10-02,29.2,275,0.70917030576976
"276",2013-10-03,28.6,276,0.690829694413646
"277",2013-10-04,24.83333333,277,0.575691411909479
"278",2013-10-05,28.5,278,0.687772925854293
"279",2013-10-06,29.75,279,0.725982532846199
"280",2013-10-07,29.71428571,280,0.724890829658283
"281",2013-10-08,29.2,281,0.70917030576976
"282",2013-10-09,30.83333333,282,0.759097525470624
"283",2013-10-10,29.42857143,283,0.716157205377663
"284",2013-10-11,23.85714286,284,0.545851528543125
"285",2013-10-12,26.14285714,285,0.615720524010793
"286",2013-10-13,27.16666667,286,0.647016011831487
"287",2013-10-14,27.71428571,287,0.663755458471234
"288",2013-10-15,25.85714286,288,0.606986899730173
"289",2013-10-16,26.42857143,289,0.62445414859709
"290",2013-10-17,26.85714286,290,0.637554585323697
"291",2013-10-18,26.33333333,291,0.621542940299765
"292",2013-10-19,24.57142857,292,0.567685589550352
"293",2013-10-20,24.33333333,293,0.560407569112717
"294",2013-10-21,24.875,294,0.576965065577768
"295",2013-10-22,27.8,295,0.666375545938827
"296",2013-10-23,25,296,0.580786026276959
"297",2013-10-24,23.85714286,297,0.545851528543125
"298",2013-10-25,22.8,298,0.513537117971206
"299",2013-10-26,23,299,0.519650655089911
"300",2013-10-27,22.875,300,0.51582969439072
"301",2013-10-28,22.66666667,301,0.509461426660628
"302",2013-10-29,23,302,0.519650655089911
"303",2013-10-30,22.85714286,303,0.515283842949601
"304",2013-10-31,23.66666667,304,0.540029112254152
"305",2013-11-01,23.42857143,305,0.532751091816518
"306",2013-11-02,21.625,306,0.477620087398815
"307",2013-11-03,20.625,307,0.447052401805291
"308",2013-11-04,21.16666667,308,0.463609898270342
"309",2013-11-05,18.83333333,309,0.392285298348334
"310",2013-11-06,20.57142857,310,0.445414847176255
"311",2013-11-07,20.14285714,311,0.432314410449648
"312",2013-11-08,18,312,0.36681222712229
"313",2013-11-09,19.85714286,313,0.423580786169028
"314",2013-11-10,16.83333333,314,0.331149927161286
"315",2013-11-11,18.85714286,315,0.393013100575504
"316",2013-11-12,16.57142857,316,0.323144104802159
"317",2013-11-13,17.75,317,0.359170305723909
"318",2013-11-14,17.625,318,0.355349345024718
"319",2013-11-15,17,319,0.336244541528766
"320",2013-11-16,16.625,320,0.324781659431194
"321",2013-11-17,15.57142857,321,0.292576419208634
"322",2013-11-18,18.5,322,0.382096069919052
"323",2013-11-19,17.875,323,0.362991266423099
"324",2013-11-20,18.25,324,0.374454148520671
"325",2013-11-21,17.875,325,0.362991266423099
"326",2013-11-22,17.625,326,0.355349345024718
"327",2013-11-23,18.14285714,327,0.3711790392626
"328",2013-11-24,19.125,328,0.401200873415004
"329",2013-11-25,21.25,329,0.466157205301243
"330",2013-11-26,21.25,330,0.466157205301243
"331",2013-11-27,19.125,331,0.401200873415004
"332",2013-11-28,18.625,332,0.385917030618242
"333",2013-11-29,17.75,333,0.359170305723909
"334",2013-11-30,17.875,334,0.362991266423099
"335",2013-12-01,18,335,0.36681222712229
"336",2013-12-02,17.25,336,0.343886462927147
"337",2013-12-03,17.5,337,0.351528384325528
"338",2013-12-04,17.14285714,338,0.340611353669076
"339",2013-12-05,17.14285714,339,0.340611353669076
"340",2013-12-06,16.125,340,0.309497816634432
"341",2013-12-07,16,341,0.305676855935242
"342",2013-12-08,16.5,342,0.320960698732004
"343",2013-12-09,16.125,343,0.309497816634432
"344",2013-12-10,15.5,344,0.290393013138479
"345",2013-12-11,16.625,345,0.324781659431194
"346",2013-12-12,17.75,346,0.359170305723909
"347",2013-12-13,17.14285714,347,0.340611353669076
"348",2013-12-14,16.14285714,348,0.310043668075552
"349",2013-12-15,15.5,349,0.290393013138479
"350",2013-12-16,15.25,350,0.282751091740098
"351",2013-12-17,14.75,351,0.267467248943336
"352",2013-12-18,14.875,352,0.271288209642527
"353",2013-12-19,16.125,353,0.309497816634432
"354",2013-12-20,15.375,354,0.286572052439289
"355",2013-12-21,14.75,355,0.267467248943336
"356",2013-12-22,15.25,356,0.282751091740098
"357",2013-12-23,14.25,357,0.252183406146574
"358",2013-12-24,13.5,358,0.229257641951431
"359",2013-12-25,13.66666667,359,0.234352256318911
"360",2013-12-26,12.125,360,0.187227074260335
"361",2013-12-27,11.875,361,0.179585152861954
"362",2013-12-28,10.875,362,0.14901746726843
"363",2013-12-29,10.57142857,363,0.139737991241014
"364",2013-12-30,12.375,364,0.194868995658716
"365",2013-12-31,14.5,365,0.259825327544955
"366",2014-01-01,13.375,366,0.225436681252241
"367",2014-01-02,11,367,0.152838427967621
"368",2014-01-03,12.5,368,0.198689956357907
"369",2014-01-04,12.875,369,0.210152838455479
"370",2014-01-05,12.375,370,0.194868995658716
"371",2014-01-06,11.42857143,371,0.165938864694228
"372",2014-01-07,12.14285714,372,0.187772925701455
"373",2014-01-08,11.875,373,0.179585152861954
"374",2014-01-09,12.83333333,374,0.208879184787189
"375",2014-01-10,12.375,375,0.194868995658716
"376",2014-01-11,12.125,376,0.187227074260335
"377",2014-01-12,12.875,377,0.210152838455479
"378",2014-01-13,14,378,0.244541484748193
"379",2014-01-14,14.875,379,0.271288209642527
"380",2014-01-15,12,380,0.183406113561145
"381",2014-01-16,12.28571429,381,0.192139738147442
"382",2014-01-17,12,382,0.183406113561145
"383",2014-01-18,12.5,383,0.198689956357907
"384",2014-01-19,14.5,384,0.259825327544955
"385",2014-01-20,14.625,385,0.263646288244146
"386",2014-01-21,13.57142857,386,0.231441048021586
"387",2014-01-22,15.25,387,0.282751091740098
"388",2014-01-23,15.625,388,0.29421397383767
"389",2014-01-24,13.875,389,0.240720524049003
"390",2014-01-25,11.75,390,0.175764192162764
"391",2014-01-26,14.375,391,0.256004366845765
"392",2014-01-27,16.625,392,0.324781659431194
"393",2014-01-28,16.625,393,0.324781659431194
"394",2014-01-29,14.875,394,0.271288209642527
"395",2014-01-30,14.5,395,0.259825327544955
"396",2014-01-31,14.75,396,0.267467248943336
"397",2014-02-01,14,397,0.244541484748193
"398",2014-02-02,15.25,398,0.282751091740098
"399",2014-02-03,18.42857143,399,0.379912663848897
"400",2014-02-04,18.85714286,400,0.393013100575504
"401",2014-02-05,17,401,0.336244541528766
"402",2014-02-06,18.5,402,0.382096069919052
"403",2014-02-07,19.625,403,0.416484716211767
"404",2014-02-08,13.625,404,0.233078602650622
"405",2014-02-09,12.875,405,0.210152838455479
"406",2014-02-10,12.625,406,0.202510917057098
"407",2014-02-11,13.375,407,0.225436681252241
"408",2014-02-12,13.25,408,0.22161572055305
"409",2014-02-13,15.25,409,0.282751091740098
"410",2014-02-14,13,410,0.213973799154669
"411",2014-02-15,12.375,411,0.194868995658716
"412",2014-02-16,13.5,412,0.229257641951431
"413",2014-02-17,15.125,413,0.278930131040908
"414",2014-02-18,15.25,414,0.282751091740098
"415",2014-02-19,15.125,415,0.278930131040908
"416",2014-02-20,16.125,416,0.309497816634432
"417",2014-02-21,17.125,417,0.340065502227956
"418",2014-02-22,16.625,418,0.324781659431194
"419",2014-02-23,16.5,419,0.320960698732004
"420",2014-02-24,16.375,420,0.317139738032813
"421",2014-02-25,18.125,421,0.37063318782148
"422",2014-02-26,18.75,422,0.389737991317433
"423",2014-02-27,18.625,423,0.385917030618242
"424",2014-02-28,15.625,424,0.29421397383767
"425",2014-03-01,16.14285714,425,0.310043668075552
"426",2014-03-02,16.125,426,0.309497816634432
"427",2014-03-03,17.875,427,0.362991266423099
"428",2014-03-04,18.75,428,0.389737991317433
"429",2014-03-05,18.875,429,0.393558952016623
"430",2014-03-06,18.375,430,0.378275109219861
"431",2014-03-07,18.5,431,0.382096069919052
"432",2014-03-08,19.875,432,0.424126637610148
"433",2014-03-09,22,433,0.489082969496386
"434",2014-03-10,20,434,0.427947598309338
"435",2014-03-11,20.71428571,435,0.449781659316565
"436",2014-03-12,20,436,0.427947598309338
"437",2014-03-13,19,437,0.397379912715814
"438",2014-03-14,19.625,438,0.416484716211767
"439",2014-03-15,21.625,439,0.477620087398815
"440",2014-03-16,23.125,440,0.523471615789101
"441",2014-03-17,26.25,441,0.618995633268864
"442",2014-03-18,24.85714286,442,0.576419214136649
"443",2014-03-19,21.75,443,0.481441048098005
"444",2014-03-20,21.5,444,0.473799126699624
"445",2014-03-21,22.5,445,0.504366812293149
"446",2014-03-22,25,446,0.580786026276959
"447",2014-03-23,22.75,447,0.51200873369153
"448",2014-03-24,22.375,448,0.500545851593958
"449",2014-03-25,24.625,449,0.569323144179387
"450",2014-03-26,25.125,450,0.584606986976149
"451",2014-03-27,23.5,451,0.534934497886673
"452",2014-03-28,24.42857143,452,0.563318777410042
"453",2014-03-29,25.875,453,0.607532751171293
"454",2014-03-30,24.125,454,0.554039301382625
"455",2014-03-31,24.125,455,0.554039301382625
"456",2014-04-01,24.875,456,0.576965065577768
"457",2014-04-02,26.75,457,0.634279476065626
"458",2014-04-03,25,458,0.580786026276959
"459",2014-04-04,25.85714286,459,0.606986899730173
"460",2014-04-05,27.375,460,0.653384279561579
"461",2014-04-06,30.125,461,0.73744541494377
"462",2014-04-07,27.25,462,0.649563318862388
"463",2014-04-08,25.75,463,0.603711790472102
"464",2014-04-09,25.75,464,0.603711790472102
"465",2014-04-10,26.375,465,0.622816593968055
"466",2014-04-11,28.14285714,466,0.676855895197841
"467",2014-04-12,29.125,467,0.706877729350246
"468",2014-04-13,26.875,468,0.638100436764817
"469",2014-04-14,27.625,469,0.66102620095996
"470",2014-04-15,29,470,0.703056768651055
"471",2014-04-16,27.125,471,0.645742358163198
"472",2014-04-17,26.375,472,0.622816593968055
"473",2014-04-18,24.25,473,0.557860262081816
"474",2014-04-19,25.625,474,0.599890829772912
"475",2014-04-20,27,475,0.641921397464007
"476",2014-04-21,28,476,0.672489083057531
"477",2014-04-22,29.375,477,0.714519650748627
"478",2014-04-23,29.125,478,0.706877729350246
"479",2014-04-24,29.375,479,0.714519650748627
"480",2014-04-25,30.625,480,0.752729257740532
"481",2014-04-26,31.5,481,0.779475982634866
"482",2014-04-27,30.625,482,0.752729257740532
"483",2014-04-28,31.5,483,0.779475982634866
"484",2014-04-29,32.125,484,0.798580786130819
"485",2014-04-30,33.25,485,0.832969432423533
"486",2014-05-01,34.875,486,0.88264192151301
"487",2014-05-02,34.375,487,0.867358078716248
"488",2014-05-03,31.75,488,0.787117904033247
"489",2014-05-04,31.875,489,0.790938864732437
"490",2014-05-05,29.75,490,0.725982532846199
"491",2014-05-06,29.57142857,491,0.720524017517973
"492",2014-05-07,31.75,492,0.787117904033247
"493",2014-05-08,31.375,493,0.775655021935675
"494",2014-05-09,30.5,494,0.748908297041342
"495",2014-05-10,30,495,0.73362445424458
"496",2014-05-11,29.625,496,0.722161572147008
"497",2014-05-12,28,497,0.672489083057531
"498",2014-05-13,25.25,498,0.58842794767534
"499",2014-05-14,26.875,499,0.638100436764817
"500",2014-05-15,29.5,500,0.718340611447818
"501",2014-05-16,31.125,501,0.768013100537294
"502",2014-05-17,29.875,502,0.729803493545389
"503",2014-05-18,31.5,503,0.779475982634866
"504",2014-05-19,32.375,504,0.8062227075292
"505",2014-05-20,31.125,505,0.768013100537294
"506",2014-05-21,33,506,0.825327511025152
"507",2014-05-22,33.25,507,0.832969432423533
"508",2014-05-23,34.625,508,0.875000000114629
"509",2014-05-24,31.5,509,0.779475982634866
"510",2014-05-25,31.5,510,0.779475982634866
"511",2014-05-26,30.125,511,0.73744541494377
"512",2014-05-27,31.875,512,0.790938864732437
"513",2014-05-28,33.625,513,0.844432314521105
"514",2014-05-29,35.25,514,0.894104803610581
"515",2014-05-30,33.125,515,0.829148471724343
"516",2014-05-31,34.625,516,0.875000000114629
"517",2014-06-01,32.75,517,0.817685589626771
"518",2014-06-02,32.75,518,0.817685589626771
"519",2014-06-03,34.875,519,0.88264192151301
"520",2014-06-04,35.25,520,0.894104803610581
"521",2014-06-05,36.875,521,0.943777292700058
"522",2014-06-06,37.5,522,0.962882096196011
"523",2014-06-07,38.5,523,0.993449781789535
"524",2014-06-08,37.625,524,0.966703056895201
"525",2014-06-09,37.875,525,0.974344978293582
"526",2014-06-10,37.25,526,0.95524017479763
"527",2014-06-11,37.625,527,0.966703056895201
"528",2014-06-12,32.875,528,0.821506550325962
"529",2014-06-13,30.25,529,0.741266375642961
"530",2014-06-14,30.5,530,0.748908297041342
"531",2014-06-15,33.875,531,0.852074235919486
"532",2014-06-16,36.375,532,0.928493449903296
"533",2014-06-17,36.875,533,0.943777292700058
"534",2014-06-18,33.875,534,0.852074235919486
"535",2014-06-19,35.75,535,0.909388646407344
"536",2014-06-20,38,536,0.978165938992773
"537",2014-06-21,36.875,537,0.943777292700058
"538",2014-06-22,34.5,538,0.871179039415438
"539",2014-06-23,32.125,539,0.798580786130819
"540",2014-06-24,33,540,0.825327511025152
"541",2014-06-25,32.25,541,0.802401746830009
"542",2014-06-26,32.5,542,0.81004366822839
"543",2014-06-27,34.75,543,0.878820960813819
"544",2014-06-28,34.875,544,0.88264192151301
"545",2014-06-29,33,545,0.825327511025152
"546",2014-06-30,32,546,0.794759825431628
"547",2014-07-01,31.375,547,0.775655021935675
"548",2014-07-02,29.5,548,0.718340611447818
"549",2014-07-03,28.875,549,0.699235807951865
"550",2014-07-04,31.38888889,550,0.776079573158438
"551",2014-07-05,34.70588235,551,0.877472386359494
"552",2014-07-06,30.625,552,0.752729257740532
"553",2014-07-07,34,553,0.855895196618676
"554",2014-07-08,35,554,0.8864628822122
"555",2014-07-09,36,555,0.917030567805725
"556",2014-07-10,36.125,556,0.920851528504915
"557",2014-07-11,36.625,557,0.936135371301677
"558",2014-07-12,35.875,558,0.913209607106534
"559",2014-07-13,31.625,559,0.783296943334056
"560",2014-07-14,32.375,560,0.8062227075292
"561",2014-07-15,33.125,561,0.829148471724343
"562",2014-07-16,32.625,562,0.813864628927581
"563",2014-07-17,30.75,563,0.756550218439723
"564",2014-07-18,27.25,564,0.649563318862388
"565",2014-07-19,29.875,565,0.729803493545389
"566",2014-07-20,30.875,566,0.760371179138913
"567",2014-07-21,32.125,567,0.798580786130819
"568",2014-07-22,31.625,568,0.783296943334056
"569",2014-07-23,30.625,569,0.752729257740532
"570",2014-07-24,30.5,570,0.748908297041342
"571",2014-07-25,30.75,571,0.756550218439723
"572",2014-07-26,32.5,572,0.81004366822839
"573",2014-07-27,31.71428571,573,0.786026200845331
"574",2014-07-28,30,574,0.73362445424458
"575",2014-07-29,30.25,575,0.741266375642961
"576",2014-07-30,31.875,576,0.790938864732437
"577",2014-07-31,32.5,577,0.81004366822839
"578",2014-08-01,33.25,578,0.832969432423533
"579",2014-08-02,30.125,579,0.73744541494377
"580",2014-08-03,31.5,580,0.779475982634866
"581",2014-08-04,30.5,581,0.748908297041342
"582",2014-08-05,29.75,582,0.725982532846199
"583",2014-08-06,32.125,583,0.798580786130819
"584",2014-08-07,31.125,584,0.768013100537294
"585",2014-08-08,31,585,0.764192139838104
"586",2014-08-09,29.23529412,586,0.71024916533322
"587",2014-08-10,28.5,587,0.687772925854293
"588",2014-08-11,31.125,588,0.768013100537294
"589",2014-08-12,32.125,589,0.798580786130819
"590",2014-08-13,32.125,590,0.798580786130819
"591",2014-08-14,30.375,591,0.745087336342151
"592",2014-08-15,31.125,592,0.768013100537294
"593",2014-08-16,30.42857143,593,0.746724890971187
"594",2014-08-17,31.375,594,0.775655021935675
"595",2014-08-18,31.875,595,0.790938864732437
"596",2014-08-19,33,596,0.825327511025152
"597",2014-08-20,33.25,597,0.832969432423533
"598",2014-08-21,32.5,598,0.81004366822839
"599",2014-08-22,33,599,0.825327511025152
"600",2014-08-23,33.125,600,0.829148471724343
"601",2014-08-24,33.125,601,0.829148471724343
"602",2014-08-25,33.875,602,0.852074235919486
"603",2014-08-26,34.125,603,0.859716157317867
"604",2014-08-27,33.85714286,604,0.851528384478366
"605",2014-08-28,29.625,605,0.722161572147008
"606",2014-08-29,30.375,606,0.745087336342151
"607",2014-08-30,28.625,607,0.691593886553484
"608",2014-08-31,27.625,608,0.66102620095996
"609",2014-09-01,29.42857143,609,0.716157205377663
"610",2014-09-02,29.25,610,0.710698690049437
"611",2014-09-03,28.625,611,0.691593886553484
"612",2014-09-04,27.875,612,0.668668122358341
"613",2014-09-05,26.5,613,0.626637554667245
"614",2014-09-06,28.5,614,0.687772925854293
"615",2014-09-07,31,615,0.764192139838104
"616",2014-09-08,31.25,616,0.771834061236485
"617",2014-09-09,31,617,0.764192139838104
"618",2014-09-10,28.75,618,0.695414847252674
"619",2014-09-11,26.57142857,619,0.6288209607374
"620",2014-09-12,28.5,620,0.687772925854293
"621",2014-09-13,29.375,621,0.714519650748627
"622",2014-09-14,29.125,622,0.706877729350246
"623",2014-09-15,29.625,623,0.722161572147008
"624",2014-09-16,30.625,624,0.752729257740532
"625",2014-09-17,30.625,625,0.752729257740532
"626",2014-09-18,30.5,626,0.748908297041342
"627",2014-09-19,31,627,0.764192139838104
"628",2014-09-20,31.125,628,0.768013100537294
"629",2014-09-21,30.5,629,0.748908297041342
"630",2014-09-22,30.625,630,0.752729257740532
"631",2014-09-23,31,631,0.764192139838104
"632",2014-09-24,29.625,632,0.722161572147008
"633",2014-09-25,30,633,0.73362445424458
"634",2014-09-26,30,634,0.73362445424458
"635",2014-09-27,30.5,635,0.748908297041342
"636",2014-09-28,30.25,636,0.741266375642961
"637",2014-09-29,30.5,637,0.748908297041342
"638",2014-09-30,30.625,638,0.752729257740532
"639",2014-10-01,30.42857143,639,0.746724890971187
"640",2014-10-02,30.375,640,0.745087336342151
"641",2014-10-03,30.5,641,0.748908297041342
"642",2014-10-04,31,642,0.764192139838104
"643",2014-10-05,30.625,643,0.752729257740532
"644",2014-10-06,30.625,644,0.752729257740532
"645",2014-10-07,31,645,0.764192139838104
"646",2014-10-08,28.75,646,0.695414847252674
"647",2014-10-09,27.625,647,0.66102620095996
"648",2014-10-10,27.125,648,0.645742358163198
"649",2014-10-11,25.71428571,649,0.602620087284186
"650",2014-10-12,26,650,0.611353711870483
"651",2014-10-13,27.625,651,0.66102620095996
"652",2014-10-14,24.5,652,0.565502183480197
"653",2014-10-15,24.5,653,0.565502183480197
"654",2014-10-16,23,654,0.519650655089911
"655",2014-10-17,25,655,0.580786026276959
"656",2014-10-18,24,656,0.550218340683435
"657",2014-10-19,23.75,657,0.542576419285054
"658",2014-10-20,24.75,658,0.573144104878578
"659",2014-10-21,25.625,659,0.599890829772912
"660",2014-10-22,25.75,660,0.603711790472102
"661",2014-10-23,25.25,661,0.58842794767534
"662",2014-10-24,25.5,662,0.596069869073721
"663",2014-10-25,25.25,663,0.58842794767534
"664",2014-10-26,25.125,664,0.584606986976149
"665",2014-10-27,24.875,665,0.576965065577768
"666",2014-10-28,25.125,666,0.584606986976149
"667",2014-10-29,24.75,667,0.573144104878578
"668",2014-10-30,23.875,668,0.546397379984244
"669",2014-10-31,23.375,669,0.531113537187482
"670",2014-11-01,22.5,670,0.504366812293149
"671",2014-11-02,22.875,671,0.51582969439072
"672",2014-11-03,23.375,672,0.531113537187482
"673",2014-11-04,23.625,673,0.538755458585863
"674",2014-11-05,22.75,674,0.51200873369153
"675",2014-11-06,23,675,0.519650655089911
"676",2014-11-07,24,676,0.550218340683435
"677",2014-11-08,23.875,677,0.546397379984244
"678",2014-11-09,24.125,678,0.554039301382625
"679",2014-11-10,21.375,679,0.469978166000434
"680",2014-11-11,19.25,680,0.405021834114195
"681",2014-11-12,19.625,681,0.416484716211767
"682",2014-11-13,18.5,682,0.382096069919052
"683",2014-11-14,18.375,683,0.378275109219861
"684",2014-11-15,18.625,684,0.385917030618242
"685",2014-11-16,18.25,685,0.374454148520671
"686",2014-11-17,17.75,686,0.359170305723909
"687",2014-11-18,17.625,687,0.355349345024718
"688",2014-11-19,17.5,688,0.351528384325528
"689",2014-11-20,20.375,689,0.43941048040691
"690",2014-11-21,18.25,690,0.374454148520671
"691",2014-11-22,19.875,691,0.424126637610148
"692",2014-11-23,17.125,692,0.340065502227956
"693",2014-11-24,16.875,693,0.332423580829575
"694",2014-11-25,16.5,694,0.320960698732004
"695",2014-11-26,19.625,695,0.416484716211767
"696",2014-11-27,18.125,696,0.37063318782148
"697",2014-11-28,19.375,697,0.408842794813386
"698",2014-11-29,20.25,698,0.435589519707719
"699",2014-11-30,19.75,699,0.420305676910957
"700",2014-12-01,20,700,0.427947598309338
"701",2014-12-02,21.375,701,0.469978166000434
"702",2014-12-03,25,702,0.580786026276959
"703",2014-12-04,21.25,703,0.466157205301243
"704",2014-12-05,17.75,704,0.359170305723909
"705",2014-12-06,18.25,705,0.374454148520671
"706",2014-12-07,17.25,706,0.343886462927147
"707",2014-12-08,17,707,0.336244541528766
"708",2014-12-09,15.28571429,708,0.283842794928014
"709",2014-12-10,21.5,709,0.473799126699624
"710",2014-12-11,19.625,710,0.416484716211767
"711",2014-12-12,17.5,711,0.351528384325528
"712",2014-12-13,16,712,0.305676855935242
"713",2014-12-14,16.875,713,0.332423580829575
"714",2014-12-15,16.625,714,0.324781659431194
"715",2014-12-16,17.75,715,0.359170305723909
"716",2014-12-17,12.875,716,0.210152838455479
"717",2014-12-18,11.75,717,0.175764192162764
"718",2014-12-19,11.75,718,0.175764192162764
"719",2014-12-20,11.25,719,0.160480349366002
"720",2014-12-21,9.5,720,0.106986899577335
"721",2014-12-22,9.375,721,0.103165938878144
"722",2014-12-23,9.625,722,0.110807860276525
"723",2014-12-24,9.875,723,0.118449781674906
"724",2014-12-25,9.25,724,0.0993449781789535
"725",2014-12-26,10.75,725,0.14519650656924
"726",2014-12-27,10.375,726,0.133733624471668
"727",2014-12-28,9,727,0.0917030567805725
"728",2014-12-29,11.125,728,0.156659388666811
"729",2014-12-30,11.625,729,0.171943231463573
"730",2014-12-31,12.375,730,0.194868995658716
"731",2015-01-01,14.75,731,0.267467248943336
"732",2015-01-02,14.875,732,0.271288209642527
"733",2015-01-03,15.125,733,0.278930131040908
"734",2015-01-04,14.125,734,0.248362445447384
"735",2015-01-05,14,735,0.244541484748193
"736",2015-01-06,12,736,0.183406113561145
"737",2015-01-07,9.625,737,0.110807860276525
"738",2015-01-08,10,738,0.122270742374097
"739",2015-01-09,10.625,739,0.141375545870049
"740",2015-01-10,11.125,740,0.156659388666811
"741",2015-01-11,11,741,0.152838427967621
"742",2015-01-12,10.625,742,0.141375545870049
"743",2015-01-13,12.25,743,0.191048034959526
"744",2015-01-14,12,744,0.183406113561145
"745",2015-01-15,12.375,745,0.194868995658716
"746",2015-01-16,13,746,0.213973799154669
"747",2015-01-17,13.5,747,0.229257641951431
"748",2015-01-18,13,748,0.213973799154669
"749",2015-01-19,13.75,749,0.236899563349812
"750",2015-01-20,13.375,750,0.225436681252241
"751",2015-01-21,13.25,751,0.22161572055305
"752",2015-01-22,12.625,752,0.202510917057098
"753",2015-01-23,14.625,753,0.263646288244146
"754",2015-01-24,12.375,754,0.194868995658716
"755",2015-01-25,13.25,755,0.22161572055305
"756",2015-01-26,13.75,756,0.236899563349812
"757",2015-01-27,13.25,757,0.22161572055305
"758",2015-01-28,11.71428571,758,0.174672488974848
"759",2015-01-29,11.5,759,0.168122270764383
"760",2015-01-30,12.75,760,0.206331877756288
"761",2015-01-31,13.75,761,0.236899563349812
"762",2015-02-01,15,762,0.275109170341717
"763",2015-02-02,17.375,763,0.347707423626337
"764",2015-02-03,16.75,764,0.328602620130385
"765",2015-02-04,14.625,765,0.263646288244146
"766",2015-02-05,14.625,766,0.263646288244146
"767",2015-02-06,15.125,767,0.278930131040908
"768",2015-02-07,15.875,768,0.301855895236051
"769",2015-02-08,16.625,769,0.324781659431194
"770",2015-02-09,16.875,770,0.332423580829575
"771",2015-02-10,15.75,771,0.29803493453686
"772",2015-02-11,16,772,0.305676855935242
"773",2015-02-12,15.5,773,0.290393013138479
"774",2015-02-13,17.25,774,0.343886462927147
"775",2015-02-14,19.375,775,0.408842794813386
"776",2015-02-15,18.875,776,0.393558952016623
"777",2015-02-16,20.625,777,0.447052401805291
"778",2015-02-17,21.14285714,778,0.462882096043172
"779",2015-02-18,21.25,779,0.466157205301243
"780",2015-02-19,22.75,780,0.51200873369153
"781",2015-02-20,22.75,781,0.51200873369153
"782",2015-02-21,21.875,782,0.485262008797196
"783",2015-02-22,22.14285714,783,0.493449781636697
"784",2015-02-23,21.5,784,0.473799126699624
"785",2015-02-24,22.875,785,0.51582969439072
"786",2015-02-25,23.125,786,0.523471615789101
"787",2015-02-26,20,787,0.427947598309338
"788",2015-02-27,19.25,788,0.405021834114195
"789",2015-02-28,21.25,789,0.466157205301243
"790",2015-03-01,17.375,790,0.347707423626337
"791",2015-03-02,17.5,791,0.351528384325528
"792",2015-03-03,16.25,792,0.313318777333623
"793",2015-03-04,16.75,793,0.328602620130385
"794",2015-03-05,18.75,794,0.389737991317433
"795",2015-03-06,20,795,0.427947598309338
"796",2015-03-07,18.375,796,0.378275109219861
"797",2015-03-08,19.5,797,0.412663755512576
"798",2015-03-09,18.125,798,0.37063318782148
"799",2015-03-10,17.75,799,0.359170305723909
"800",2015-03-11,18.25,800,0.374454148520671
"801",2015-03-12,20.5,801,0.4432314411061
"802",2015-03-13,21.375,802,0.469978166000434
"803",2015-03-14,21.5,803,0.473799126699624
"804",2015-03-15,17.625,804,0.355349345024718
"805",2015-03-16,19.85714286,805,0.423580786169028
"806",2015-03-17,20.875,806,0.454694323203672
"807",2015-03-18,20.25,807,0.435589519707719
"808",2015-03-19,21.125,808,0.462336244602053
"809",2015-03-20,22.5,809,0.504366812293149
"810",2015-03-21,24.875,810,0.576965065577768
"811",2015-03-22,25.125,811,0.584606986976149
"812",2015-03-23,24.75,812,0.573144104878578
"813",2015-03-24,25.75,813,0.603711790472102
"814",2015-03-25,26.625,814,0.630458515366436
"815",2015-03-26,28.5,815,0.687772925854293
"816",2015-03-27,27.375,816,0.653384279561579
"817",2015-03-28,27,817,0.641921397464007
"818",2015-03-29,25,818,0.580786026276959
"819",2015-03-30,23.5,819,0.534934497886673
"820",2015-03-31,25.25,820,0.58842794767534
"821",2015-04-01,26.42857143,821,0.62445414859709
"822",2015-04-02,28.71428571,822,0.694323144064758
"823",2015-04-03,24.5,823,0.565502183480197
"824",2015-04-04,21,824,0.458515283902862
"825",2015-04-05,23.57142857,825,0.537117903956828
"826",2015-04-06,25,826,0.580786026276959
"827",2015-04-07,23.75,827,0.542576419285054
"828",2015-04-08,25.625,828,0.599890829772912
"829",2015-04-09,26,829,0.611353711870483
"830",2015-04-10,27.125,830,0.645742358163198
"831",2015-04-11,28.25,831,0.680131004455912
"832",2015-04-12,24.375,832,0.561681222781006
"833",2015-04-13,24.75,833,0.573144104878578
"834",2015-04-14,26.25,834,0.618995633268864
"835",2015-04-15,27.625,835,0.66102620095996
"836",2015-04-16,25.25,836,0.58842794767534
"837",2015-04-17,28.125,837,0.676310043756722
"838",2015-04-18,30.125,838,0.73744541494377
"839",2015-04-19,32.125,839,0.798580786130819
"840",2015-04-20,32.875,840,0.821506550325962
"841",2015-04-21,31.75,841,0.787117904033247
"842",2015-04-22,30.75,842,0.756550218439723
"843",2015-04-23,30.75,843,0.756550218439723
"844",2015-04-24,31.125,844,0.768013100537294
"845",2015-04-25,30.5,845,0.748908297041342
"846",2015-04-26,28.75,846,0.695414847252674
"847",2015-04-27,30.125,847,0.73744541494377
"848",2015-04-28,31,848,0.764192139838104
"849",2015-04-29,31.25,849,0.771834061236485
"850",2015-04-30,32.625,850,0.813864628927581
"851",2015-05-01,31.25,851,0.771834061236485
"852",2015-05-02,30.125,852,0.73744541494377
"853",2015-05-03,31,853,0.764192139838104
"854",2015-05-04,30.875,854,0.760371179138913
"855",2015-05-05,32.125,855,0.798580786130819
"856",2015-05-06,34.125,856,0.859716157317867
"857",2015-05-07,35.42857143,857,0.899563318938807
"858",2015-05-08,34.125,858,0.859716157317867
"859",2015-05-09,35.125,859,0.890283842911391
"860",2015-05-10,35.125,860,0.890283842911391
"861",2015-05-11,34,861,0.855895196618676
"862",2015-05-12,33.125,862,0.829148471724343
"863",2015-05-13,27.75,863,0.66484716165915
"864",2015-05-14,29.625,864,0.722161572147008
"865",2015-05-15,28.5,865,0.687772925854293
"866",2015-05-16,30,866,0.73362445424458
"867",2015-05-17,33.25,867,0.832969432423533
"868",2015-05-18,35.375,868,0.897925764309772
"869",2015-05-19,31.5,869,0.779475982634866
"870",2015-05-20,33.125,870,0.829148471724343
"871",2015-05-21,35.625,871,0.905567685708153
"872",2015-05-22,36.25,872,0.924672489204106
"873",2015-05-23,37.375,873,0.95906113549682
"874",2015-05-24,36,874,0.917030567805725
"875",2015-05-25,37.75,875,0.970524017594392
"876",2015-05-26,35.25,876,0.894104803610581
"877",2015-05-27,33.75,877,0.848253275220295
"878",2015-05-28,34.75,878,0.878820960813819
"879",2015-05-29,35.125,879,0.890283842911391
"880",2015-05-30,32.25,880,0.802401746830009
"881",2015-05-31,34.25,881,0.863537118017057
"882",2015-06-01,29.375,882,0.714519650748627
"883",2015-06-02,31.625,883,0.783296943334056
"884",2015-06-03,28.625,884,0.691593886553484
"885",2015-06-04,31.875,885,0.790938864732437
"886",2015-06-05,32.625,886,0.813864628927581
"887",2015-06-06,33.375,887,0.836790393122724
"888",2015-06-07,35,888,0.8864628822122
"889",2015-06-08,36.5,889,0.932314410602487
"890",2015-06-09,37.625,890,0.966703056895201
"891",2015-06-10,36.625,891,0.936135371301677
"892",2015-06-11,35.625,892,0.905567685708153
"893",2015-06-12,35.875,893,0.913209607106534
"894",2015-06-13,31.125,894,0.768013100537294
"895",2015-06-14,27,895,0.641921397464007
"896",2015-06-15,31,896,0.764192139838104
"897",2015-06-16,32.375,897,0.8062227075292
"898",2015-06-17,33.875,898,0.852074235919486
"899",2015-06-18,35.125,899,0.890283842911391
"900",2015-06-19,35.875,900,0.913209607106534
"901",2015-06-20,33.125,901,0.829148471724343
"902",2015-06-21,30.375,902,0.745087336342151
"903",2015-06-22,32.125,903,0.798580786130819
"904",2015-06-23,31.5,904,0.779475982634866
"905",2015-06-24,37.25,905,0.95524017479763
"906",2015-06-25,26.625,906,0.630458515366436
"907",2015-06-26,31.125,907,0.768013100537294
"908",2015-06-27,32.625,908,0.813864628927581
"909",2015-06-28,34.25,909,0.863537118017057
"910",2015-06-29,31.125,910,0.768013100537294
"911",2015-06-30,30.875,911,0.760371179138913
"912",2015-07-01,32,912,0.794759825431628
"913",2015-07-02,33.75,913,0.848253275220295
"914",2015-07-03,33,914,0.825327511025152
"915",2015-07-04,34.125,915,0.859716157317867
"916",2015-07-05,35.71428571,916,0.908296943219428
"917",2015-07-06,27.875,917,0.668668122358341
"918",2015-07-07,28.125,918,0.676310043756722
"919",2015-07-08,31.25,919,0.771834061236485
"920",2015-07-09,29.625,920,0.722161572147008
"921",2015-07-10,26.625,921,0.630458515366436
"922",2015-07-11,25.5,922,0.596069869073721
"923",2015-07-12,25.5,923,0.596069869073721
"924",2015-07-13,29.875,924,0.729803493545389
"925",2015-07-14,30.875,925,0.760371179138913
"926",2015-07-15,33.375,926,0.836790393122724
"927",2015-07-16,31.75,927,0.787117904033247
"928",2015-07-17,30.75,928,0.756550218439723
"929",2015-07-18,29.5,929,0.718340611447818
"930",2015-07-19,30.125,930,0.73744541494377
"931",2015-07-20,29.125,931,0.706877729350246
"932",2015-07-21,31.375,932,0.775655021935675
"933",2015-07-22,32.25,933,0.802401746830009
"934",2015-07-23,32.125,934,0.798580786130819
"935",2015-07-24,32,935,0.794759825431628
"936",2015-07-25,30.85714286,936,0.759825327697794
"937",2015-07-26,30,937,0.73362445424458
"938",2015-07-27,29.625,938,0.722161572147008
"939",2015-07-28,29.5,939,0.718340611447818
"940",2015-07-29,28.5,940,0.687772925854293
"941",2015-07-30,29,941,0.703056768651055
"942",2015-07-31,29,942,0.703056768651055
"943",2015-08-01,28.25,943,0.680131004455912
"944",2015-08-02,29.625,944,0.722161572147008
"945",2015-08-03,31.5,945,0.779475982634866
"946",2015-08-04,29.42857143,946,0.716157205377663
"947",2015-08-05,29.59375,947,0.721206331972211
"948",2015-08-06,29.5,948,0.718340611447818
"949",2015-08-07,29.25,949,0.710698690049437
"950",2015-08-08,28.875,950,0.699235807951865
"951",2015-08-09,27.375,951,0.653384279561579
"952",2015-08-10,30.375,952,0.745087336342151
"953",2015-08-11,28.375,953,0.683951965155103
"954",2015-08-12,30.75,954,0.756550218439723
"955",2015-08-13,32,955,0.794759825431628
"956",2015-08-14,30.875,956,0.760371179138913
"957",2015-08-15,28.5,957,0.687772925854293
"958",2015-08-16,28.625,958,0.691593886553484
"959",2015-08-17,30.75,959,0.756550218439723
"960",2015-08-18,29.125,960,0.706877729350246
"961",2015-08-19,31.25,961,0.771834061236485
"962",2015-08-20,30.75,962,0.756550218439723
"963",2015-08-21,29.375,963,0.714519650748627
"964",2015-08-22,30.25,964,0.741266375642961
"965",2015-08-23,29.875,965,0.729803493545389
"966",2015-08-24,30.75,966,0.756550218439723
"967",2015-08-25,32,967,0.794759825431628
"968",2015-08-26,32,968,0.794759825431628
"969",2015-08-27,32.5,969,0.81004366822839
"970",2015-08-28,32,970,0.794759825431628
"971",2015-08-29,32.25,971,0.802401746830009
"972",2015-08-30,32.625,972,0.813864628927581
"973",2015-08-31,31.85714286,973,0.790393013291318
"974",2015-09-01,32.125,974,0.798580786130819
"975",2015-09-02,31.875,975,0.790938864732437
"976",2015-09-03,31.625,976,0.783296943334056
"977",2015-09-04,32,977,0.794759825431628
"978",2015-09-05,30.875,978,0.760371179138913
"979",2015-09-06,31.25,979,0.771834061236485
"980",2015-09-07,31.5,980,0.779475982634866
"981",2015-09-08,31.625,981,0.783296943334056
"982",2015-09-09,31,982,0.764192139838104
"983",2015-09-10,31.25,983,0.771834061236485
"984",2015-09-11,30.75,984,0.756550218439723
"985",2015-09-12,32.14285714,985,0.799126637571938
"986",2015-09-13,32.125,986,0.798580786130819
"987",2015-09-14,31.875,987,0.790938864732437
"988",2015-09-15,33,988,0.825327511025152
"989",2015-09-16,32.375,989,0.8062227075292
"990",2015-09-17,31.375,990,0.775655021935675
"991",2015-09-18,31,991,0.764192139838104
"992",2015-09-19,30.625,992,0.752729257740532
"993",2015-09-20,29.14285714,993,0.707423580791366
"994",2015-09-21,30.125,994,0.73744541494377
"995",2015-09-22,30.25,995,0.741266375642961
"996",2015-09-23,28.625,996,0.691593886553484
"997",2015-09-24,28.25,997,0.680131004455912
"998",2015-09-25,28.5,998,0.687772925854293
"999",2015-09-26,29.25,999,0.710698690049437
"1000",2015-09-27,28.71428571,1000,0.694323144064758
"1001",2015-09-28,28.25,1001,0.680131004455912
"1002",2015-09-29,29,1002,0.703056768651055
"1003",2015-09-30,29,1003,0.703056768651055
"1004",2015-10-01,28.125,1004,0.676310043756722
"1005",2015-10-02,28.28571429,1005,0.681222707643828
"1006",2015-10-03,30,1006,0.73362445424458
"1007",2015-10-04,29,1007,0.703056768651055
"1008",2015-10-05,28.875,1008,0.699235807951865
"1009",2015-10-06,28.375,1009,0.683951965155103
"1010",2015-10-07,28.625,1010,0.691593886553484
"1011",2015-10-08,28.375,1011,0.683951965155103
"1012",2015-10-09,28.5,1012,0.687772925854293
"1013",2015-10-10,28.5,1013,0.687772925854293
"1014",2015-10-11,28.57142857,1014,0.689956331924448
"1015",2015-10-12,29.25,1015,0.710698690049437
"1016",2015-10-13,29.5,1016,0.718340611447818
"1017",2015-10-14,28.125,1017,0.676310043756722
"1018",2015-10-15,27.5,1018,0.657205240260769
"1019",2015-10-16,27.875,1019,0.668668122358341
"1020",2015-10-17,28,1020,0.672489083057531
"1021",2015-10-18,26.85714286,1021,0.637554585323697
"1022",2015-10-19,28.14285714,1022,0.676855895197841
"1023",2015-10-20,27.71428571,1023,0.663755458471234
"1024",2015-10-21,26.5,1024,0.626637554667245
"1025",2015-10-22,24.75,1025,0.573144104878578
"1026",2015-10-23,24,1026,0.550218340683435
"1027",2015-10-24,24.875,1027,0.576965065577768
"1028",2015-10-25,26.375,1028,0.622816593968055
"1029",2015-10-26,25.625,1029,0.599890829772912
"1030",2015-10-27,24.75,1030,0.573144104878578
"1031",2015-10-28,20.875,1031,0.454694323203672
"1032",2015-10-29,22.125,1032,0.492903930195577
"1033",2015-10-30,22.375,1033,0.500545851593958
"1034",2015-10-31,22.375,1034,0.500545851593958
"1035",2015-11-01,22.875,1035,0.51582969439072
"1036",2015-11-02,23.375,1036,0.531113537187482
"1037",2015-11-03,24,1037,0.550218340683435
"1038",2015-11-04,23.75,1038,0.542576419285054
"1039",2015-11-05,22.125,1039,0.492903930195577
"1040",2015-11-06,22.875,1040,0.51582969439072
"1041",2015-11-07,21.875,1041,0.485262008797196
"1042",2015-11-08,21.875,1042,0.485262008797196
"1043",2015-11-09,21.75,1043,0.481441048098005
"1044",2015-11-10,22.75,1044,0.51200873369153
"1045",2015-11-11,21.875,1045,0.485262008797196
"1046",2015-11-12,21.875,1046,0.485262008797196
"1047",2015-11-13,22.375,1047,0.500545851593958
"1048",2015-11-14,22.375,1048,0.500545851593958
"1049",2015-11-15,22.5,1049,0.504366812293149
"1050",2015-11-16,21.875,1050,0.485262008797196
"1051",2015-11-17,19.875,1051,0.424126637610148
"1052",2015-11-18,18.5,1052,0.382096069919052
"1053",2015-11-19,18.5,1053,0.382096069919052
"1054",2015-11-20,18.5,1054,0.382096069919052
"1055",2015-11-21,18.75,1055,0.389737991317433
"1056",2015-11-22,18.625,1056,0.385917030618242
"1057",2015-11-23,17,1057,0.336244541528766
"1058",2015-11-24,18.5,1058,0.382096069919052
"1059",2015-11-25,19.375,1059,0.408842794813386
"1060",2015-11-26,20,1060,0.427947598309338
"1061",2015-11-27,18.5,1061,0.382096069919052
"1062",2015-11-28,18.75,1062,0.389737991317433
"1063",2015-11-29,18.125,1063,0.37063318782148
"1064",2015-11-30,19.5,1064,0.412663755512576
"1065",2015-12-01,19.25,1065,0.405021834114195
"1066",2015-12-02,18.125,1066,0.37063318782148
"1067",2015-12-03,17.625,1067,0.355349345024718
"1068",2015-12-04,17.625,1068,0.355349345024718
"1069",2015-12-05,17.5,1069,0.351528384325528
"1070",2015-12-06,17.125,1070,0.340065502227956
"1071",2015-12-07,17.625,1071,0.355349345024718
"1072",2015-12-08,18.42857143,1072,0.379912663848897
"1073",2015-12-09,18.375,1073,0.378275109219861
"1074",2015-12-10,19,1074,0.397379912715814
"1075",2015-12-11,17.25,1075,0.343886462927147
"1076",2015-12-12,13.25,1076,0.22161572055305
"1077",2015-12-13,12.875,1077,0.210152838455479
"1078",2015-12-14,13.25,1078,0.22161572055305
"1079",2015-12-15,13.125,1079,0.21779475985386
"1080",2015-12-16,13,1080,0.213973799154669
"1081",2015-12-17,12.25,1081,0.191048034959526
"1082",2015-12-18,12.875,1082,0.210152838455479
"1083",2015-12-19,12.375,1083,0.194868995658716
"1084",2015-12-20,11.75,1084,0.175764192162764
"1085",2015-12-21,12.625,1085,0.202510917057098
"1086",2015-12-22,12,1086,0.183406113561145
"1087",2015-12-23,12.5,1087,0.198689956357907
"1088",2015-12-24,11.25,1088,0.160480349366002
"1089",2015-12-25,11.5,1089,0.168122270764383
"1090",2015-12-26,12.75,1090,0.206331877756288
"1091",2015-12-27,15.375,1091,0.286572052439289
"1092",2015-12-28,17.125,1092,0.340065502227956
"1093",2015-12-29,16.375,1093,0.317139738032813
"1094",2015-12-30,15.5,1094,0.290393013138479
"1095",2015-12-31,15,1095,0.275109170341717
"1096",2016-01-01,14.71428571,1096,0.26637554575542
"1097",2016-01-02,14,1097,0.244541484748193
"1098",2016-01-03,14.375,1098,0.256004366845765
"1099",2016-01-04,15.75,1099,0.29803493453686
"1100",2016-01-05,15.83333333,1100,0.300582241567762
"1101",2016-01-06,17.375,1101,0.347707423626337
"1102",2016-01-07,17.125,1102,0.340065502227956
"1103",2016-01-08,15.5,1103,0.290393013138479
"1104",2016-01-09,15.85714286,1104,0.301310043794931
"1105",2016-01-10,15.625,1105,0.29421397383767
"1106",2016-01-11,15.75,1106,0.29803493453686
"1107",2016-01-12,18,1107,0.36681222712229
"1108",2016-01-13,18.26666667,1108,0.374963610049122
"1109",2016-01-14,15.5625,1109,0.292303493488075
"1110",2016-01-15,13,1110,0.213973799154669
"1111",2016-01-16,13.6,1111,0.232314410510784
"1112",2016-01-17,14,1112,0.244541484748193
"1113",2016-01-18,13.26666667,1113,0.222125182081501
"1114",2016-01-19,12.35714286,1114,0.194323144217597
"1115",2016-01-20,12.06666667,1115,0.185443959369272
"1116",2016-01-21,12.1875,1116,0.189137554609931
"1117",2016-01-22,11.73333333,1117,0.175254730634313
"1118",2016-01-23,14.4375,1118,0.25791484719536
"1119",2016-01-24,11.1875,1119,0.158569869016407
"1120",2016-01-25,11.66666667,1120,0.173216885131862
"1121",2016-01-26,14.5625,1121,0.261735807894551
"1122",2016-01-27,17.58333333,1122,0.354075691356429
"1123",2016-01-28,16.85714286,1123,0.331877729388456
"1124",2016-01-29,19.5625,1124,0.414574235862171
"1125",2016-01-30,20.14285714,1125,0.432314410449648
"1126",2016-01-31,17.375,1126,0.347707423626337
"1127",2016-02-01,15.84615385,1127,0.300974135192267
"1128",2016-02-02,15.26666667,1128,0.283260553268549
"1129",2016-02-03,13.125,1129,0.21779475985386
"1130",2016-02-04,16.36363636,1130,0.316792377858095
"1131",2016-02-05,12.66666667,1131,0.203784570725387
"1132",2016-02-06,15.33333333,1132,0.285298398771
"1133",2016-02-07,15.625,1133,0.29421397383767
"1134",2016-02-08,17.09090909,1134,0.339023422009479
"1135",2016-02-09,17.76923077,1135,0.35975814585499
"1136",2016-02-10,18.13333333,1136,0.370887918432867
"1137",2016-02-11,19.6875,1137,0.418395196561362
"1138",2016-02-12,19.2,1138,0.403493449834519
"1139",2016-02-13,17.06666667,1139,0.338282387336893
"1140",2016-02-14,17.64285714,1140,0.355895196465838
"1141",2016-02-15,17.6,1141,0.35458515288488
"1142",2016-02-16,18.21428571,1142,0.373362445332755
"1143",2016-02-17,18.71428571,1143,0.388646288129517
"1144",2016-02-18,19.46666667,1144,0.411644832761351
"1145",2016-02-19,23.15384615,1145,0.524353375832885
"1146",2016-02-20,23.625,1146,0.538755458585863
"1147",2016-02-21,21,1147,0.458515283902862
"1148",2016-02-22,21,1148,0.458515283902862
"1149",2016-02-23,21.42857143,1149,0.471615720629469
"1150",2016-02-24,21.6875,1150,0.47953056774841
"1151",2016-02-25,22.5625,1151,0.506277292642744
"1152",2016-02-26,22.8,1152,0.513537117971206
"1153",2016-02-27,22.8,1153,0.513537117971206
"1154",2016-02-28,23,1154,0.519650655089911
"1155",2016-02-29,23.875,1155,0.546397379984244
"1156",2016-03-01,24.91666667,1156,0.578238719246058
"1157",2016-03-02,24.93333333,1157,0.578748180468832
"1158",2016-03-03,26,1158,0.611353711870483
"1159",2016-03-04,27.3125,1159,0.651473799211983
"1160",2016-03-05,23.93333333,1160,0.548180494875308
"1161",2016-03-06,22.8125,1161,0.513919214041125
"1162",2016-03-07,23.71428571,1162,0.541484716097138
"1163",2016-03-08,23.42857143,1163,0.532751091816518
"1164",2016-03-09,24,1164,0.550218340683435
"1165",2016-03-10,25.5625,1165,0.597980349423316
"1166",2016-03-11,25.06666667,1166,0.582823872085086
"1167",2016-03-12,24.5625,1167,0.567412663829792
"1168",2016-03-13,24.25,1168,0.557860262081816
"1169",2016-03-14,22.375,1169,0.500545851593958
"1170",2016-03-15,24.06666667,1170,0.552256186491562
"1171",2016-03-16,23.9375,1171,0.548307860333839
"1172",2016-03-17,26.3125,1172,0.620906113618459
"1173",2016-03-18,26.1875,1173,0.617085152919269
"1174",2016-03-19,26.78571429,1174,0.635371179253542
"1175",2016-03-20,27.13333333,1175,0.645997088774585
"1176",2016-03-21,26.625,1176,0.630458515366436
"1177",2016-03-22,25.0625,1177,0.582696506626554
"1178",2016-03-23,26.2,1178,0.617467248989188
"1179",2016-03-24,28.13333333,1179,0.676564774368109
"1180",2016-03-25,29.875,1180,0.729803493545389
"1181",2016-03-26,24.66666667,1181,0.570596797847676
"1182",2016-03-27,26.25,1182,0.618995633268864
"1183",2016-03-28,25.93333333,1183,0.609315866062356
"1184",2016-03-29,27.125,1184,0.645742358163198
"1185",2016-03-30,29.57142857,1185,0.720524017517973
"1186",2016-03-31,30,1186,0.73362445424458
"1187",2016-04-01,30.57142857,1187,0.751091703111497
"1188",2016-04-02,32.3125,1188,0.804312227179604
"1189",2016-04-03,33.3125,1189,0.834879912773128
"1190",2016-04-04,32.8125,1190,0.819596069976366
"1191",2016-04-05,32.3125,1191,0.804312227179604
"1192",2016-04-06,31.375,1192,0.775655021935675
"1193",2016-04-07,29.93333333,1193,0.731586608436452
"1194",2016-04-08,29.26666667,1194,0.711208151577888
"1195",2016-04-09,30.73333333,1195,0.756040756911272
"1196",2016-04-10,32.25,1196,0.802401746830009
"1197",2016-04-11,29.8,1197,0.727510917125875
"1198",2016-04-12,30.2,1198,0.739737991363284
"1199",2016-04-13,31.75,1199,0.787117904033247
"1200",2016-04-14,33.125,1200,0.829148471724343
"1201",2016-04-15,33.625,1201,0.844432314521105
"1202",2016-04-16,35.6875,1202,0.907478166057748
"1203",2016-04-17,34.66666667,1203,0.876273653782918
"1204",2016-04-18,34.625,1204,0.875000000114629
"1205",2016-04-19,34,1205,0.855895196618676
"1206",2016-04-20,34.0625,1206,0.857805676968271
"1207",2016-04-21,34,1207,0.855895196618676
"1208",2016-04-22,33.25,1208,0.832969432423533
"1209",2016-04-23,31.91666667,1209,0.792212518400727
"1210",2016-04-24,31.3125,1210,0.77374454158608
"1211",2016-04-25,31.75,1211,0.787117904033247
"1212",2016-04-26,33.4375,1212,0.838700873472319
"1213",2016-04-27,33.125,1213,0.829148471724343
"1214",2016-04-28,34.15384615,1214,0.86059791736165
"1215",2016-04-29,34.07142857,1215,0.858078602688831
"1216",2016-04-30,33.0625,1216,0.827237991374747
"1217",2016-05-01,34.6875,1217,0.876910480464224
"1218",2016-05-02,38,1218,0.978165938992773
"1219",2016-05-03,35.5,1219,0.901746725008962
"1220",2016-05-04,33.71428571,1220,0.847161572032379
"1221",2016-05-05,30.6,1221,0.751965065600694
"1222",2016-05-06,31.4375,1222,0.777565502285271
"1223",2016-05-07,33.3125,1223,0.834879912773128
"1224",2016-05-08,35.13333333,1224,0.890538573522778
"1225",2016-05-09,33.53333333,1225,0.841630276573139
"1226",2016-05-10,34,1226,0.855895196618676
"1227",2016-05-11,32.5,1227,0.81004366822839
"1228",2016-05-12,35.375,1228,0.897925764309772
"1229",2016-05-13,37.29411765,1229,0.956588749251955
"1230",2016-05-14,36.5625,1230,0.934224890952082
"1231",2016-05-15,37.25,1231,0.95524017479763
"1232",2016-05-16,37.21428571,1232,0.954148471609714
"1233",2016-05-17,37.5,1233,0.962882096196011
"1234",2016-05-18,37.75,1234,0.970524017594392
"1235",2016-05-19,37.375,1235,0.95906113549682
"1236",2016-05-20,37.4,1236,0.959825327636658
"1237",2016-05-21,36.13333333,1237,0.921106259116302
"1238",2016-05-22,36.8,1238,0.941484716280544
"1239",2016-05-23,32.21428571,1239,0.801310043642093
"1240",2016-05-24,31.52631579,1240,0.780280395429731
"1241",2016-05-25,33.2173913,1241,0.83197265993432
"1242",2016-05-26,35.26923077,1242,0.894692643741663
"1243",2016-05-27,38.27272727,1243,0.986502580434913
"1244",2016-05-28,36.0625,1244,0.91894104815532
"1245",2016-05-29,31.5,1245,0.779475982634866
"1246",2016-05-30,26.8125,1246,0.636189956415221
"1247",2016-05-31,32.64285714,1247,0.8144104803687
"1248",2016-06-01,36,1248,0.917030567805725
"1249",2016-06-02,37.5625,1249,0.964792576545606
"1250",2016-06-03,37.5625,1250,0.964792576545606
"1251",2016-06-04,38.2,1251,0.984279476111478
"1252",2016-06-05,36.16666667,1252,0.922125182173204
"1253",2016-06-06,35.42857143,1253,0.899563318938807
"1254",2016-06-07,34.625,1254,0.875000000114629
"1255",2016-06-08,36.07142857,1255,0.91921397387588
"1256",2016-06-09,35.73333333,1256,0.908879184878893
"1257",2016-06-10,36.13333333,1257,0.921106259116302
"1258",2016-06-11,33.4375,1258,0.838700873472319
"1259",2016-06-12,35.5,1259,0.901746725008962
"1260",2016-06-13,36,1260,0.917030567805725
"1261",2016-06-14,32.625,1261,0.813864628927581
"1262",2016-06-15,34.73333333,1262,0.878311499285368
"1263",2016-06-16,33.5,1263,0.840611353821914
"1264",2016-06-17,34.1875,1264,0.861626637667462
"1265",2016-06-18,35.85714286,1265,0.912663755665415
"1266",2016-06-19,35.625,1266,0.905567685708153
"1267",2016-06-20,30.9375,1267,0.762281659488509
"1268",2016-06-21,32.875,1268,0.821506550325962
"1269",2016-06-22,33.125,1269,0.829148471724343
"1270",2016-06-23,33.84615385,1270,0.851192475875702
"1271",2016-06-24,36.4375,1271,0.930403930252891
"1272",2016-06-25,35.42857143,1272,0.899563318938807
"1273",2016-06-26,34.86666667,1273,0.882387190901623
"1274",2016-06-27,34.3125,1274,0.865447598366653
"1275",2016-06-28,30.78571429,1275,0.757641921627639
"1276",2016-06-29,35.375,1276,0.897925764309772
"1277",2016-06-30,35.46666667,1277,0.900727802257737
"1278",2016-07-01,32.125,1278,0.798580786130819
"1279",2016-07-02,28.4,1279,0.684716157294941
"1280",2016-07-03,29.5625,1280,0.720251091797413
"1281",2016-07-04,30.6875,1281,0.754639738090128
"1282",2016-07-05,33.25,1282,0.832969432423533
"1283",2016-07-06,33.26666667,1283,0.833478893951984
"1284",2016-07-07,33.5,1284,0.840611353821914
"1285",2016-07-08,30.8,1285,0.758078602719399
"1286",2016-07-09,33.25,1286,0.832969432423533
"1287",2016-07-10,32.5625,1287,0.811954148577985
"1288",2016-07-11,31.5,1288,0.779475982634866
"1289",2016-07-12,30.5,1289,0.748908297041342
"1290",2016-07-13,31.25,1290,0.771834061236485
"1291",2016-07-14,30.4375,1291,0.746997816691746
"1292",2016-07-15,31,1292,0.764192139838104
"1293",2016-07-16,27.125,1293,0.645742358163198
"1294",2016-07-17,28.125,1294,0.676310043756722
"1295",2016-07-18,27.66666667,1295,0.662299854628249
"1296",2016-07-19,32.3125,1296,0.804312227179604
"1297",2016-07-20,34.1875,1297,0.861626637667462
"1298",2016-07-21,34.13333333,1298,0.859970887929254
"1299",2016-07-22,34.125,1299,0.859716157317867
"1300",2016-07-23,31.875,1300,0.790938864732437
"1301",2016-07-24,31.4375,1301,0.777565502285271
"1302",2016-07-25,31.9375,1302,0.792849345082033
"1303",2016-07-26,30.3125,1303,0.743176855992556
"1304",2016-07-27,28.3125,1304,0.682041484805508
"1305",2016-07-28,29.53333333,1305,0.719359534199043
"1306",2016-07-29,27.375,1306,0.653384279561579
"1307",2016-07-30,27.33333333,1307,0.65211062589329
"1308",2016-07-31,29.26666667,1308,0.711208151577888
"1309",2016-08-01,29.125,1309,0.706877729350246
"1310",2016-08-02,30.6875,1310,0.754639738090128
"1311",2016-08-03,32.5625,1311,0.811954148577985
"1312",2016-08-04,33.11111111,1312,0.82872392050158
"1313",2016-08-05,33.8,1313,0.849781659499971
"1314",2016-08-06,30.06666667,1314,0.735662300052707
"1315",2016-08-07,33.11764706,1315,0.828923709366235
"1316",2016-08-08,33.80952381,1316,0.850072780329704
"1317",2016-08-09,31.61538462,1317,0.783003023421354
"1318",2016-08-10,32,1318,0.794759825431628
"1319",2016-08-11,28.10714286,1319,0.675764192315602
"1320",2016-08-12,29.03571429,1320,0.704148471838971
"1321",2016-08-13,30.32142857,1321,0.743449781713116
"1322",2016-08-14,28.93333333,1322,0.701018922842928
"1323",2016-08-15,31.67857143,1323,0.784934497963092
"1324",2016-08-16,31.33333333,1324,0.774381368267386
"1325",2016-08-17,29.92857143,1325,0.731441048174425
"1326",2016-08-18,29.88888889,1326,0.730228044768152
"1327",2016-08-19,32.07142857,1327,0.796943231501783
"1328",2016-08-20,33.18518519,1328,0.830988193689649
"1329",2016-08-21,31.59259259,1329,0.782306323814276
"1330",2016-08-22,32.18518519,1330,0.800420508096125
"1331",2016-08-23,31.48,1331,0.778864628922995
"1332",2016-08-24,30.17857143,1332,0.739082969572806
"1333",2016-08-25,31.52,1333,0.780087336346736
"1334",2016-08-26,31.22222222,1334,0.770984958790959
"1335",2016-08-27,31.78571429,1335,0.788209607221163
"1336",2016-08-28,33.4,1336,0.837554585262562
"1337",2016-08-29,29.57142857,1337,0.720524017517973
"1338",2016-08-30,30.04,1338,0.734847161668321
"1339",2016-08-31,27.25925926,1339,0.649846353010897
"1340",2016-09-01,27.96,1340,0.67126637563379
"1341",2016-09-02,30.73913043,1341,0.756217960841426
"1342",2016-09-03,30.89473684,1342,0.760974488658643
"1343",2016-09-04,31.69230769,1343,0.785354383640003
"1344",2016-09-05,31.07692308,1344,0.766543500362429
"1345",2016-09-06,30.375,1345,0.745087336342151
"1346",2016-09-07,31.1,1346,0.767248908397456
"1347",2016-09-08,31.91666667,1347,0.792212518400727
"1348",2016-09-09,30.55555556,1348,0.750606501932394
"1349",2016-09-10,31.23076923,1349,0.771246221105403
"1350",2016-09-11,31,1350,0.764192139838104
"1351",2016-09-12,31.64285714,1351,0.783842794775176
"1352",2016-09-13,32.53333333,1352,0.811062590979615
"1353",2016-09-14,30.85714286,1353,0.759825327697794
"1354",2016-09-15,31.72727273,1354,0.786423183989488
"1355",2016-09-16,31.4,1355,0.776419214075513
"1356",2016-09-17,32.30769231,1356,0.804165267223253
"1357",2016-09-18,32.25,1357,0.802401746830009
"1358",2016-09-19,32.375,1358,0.8062227075292
"1359",2016-09-20,33.44444444,1359,0.838913148930862
"1360",2016-09-21,33.36,1360,0.836331877838821
"1361",2016-09-22,30.03703704,1361,0.734756590838614
"1362",2016-09-23,31,1362,0.764192139838104
"1363",2016-09-24,31.24,1363,0.77152838438055
"1364",2016-09-25,31.13043478,1364,0.768179229183604
"1365",2016-09-26,31.48,1365,0.778864628922995
"1366",2016-09-27,32.18518519,1366,0.800420508096125
"1367",2016-09-28,32.44,1367,0.808209607092779
"1368",2016-09-29,32.22727273,1368,0.80170702678625
"1369",2016-09-30,32.21428571,1369,0.801310043642093
"1370",2016-10-01,32.54166667,1370,0.811317321896679
"1371",2016-10-02,32.81481481,1371,0.819666828360655
"1372",2016-10-03,33.26923077,1372,0.833557272554615
"1373",2016-10-04,30.55555556,1373,0.750606501932394
"1374",2016-10-05,28.83333333,1374,0.697962154283576
"1375",2016-10-06,30.7037037,1375,0.755135047697179
"1376",2016-10-07,30.96,1376,0.762969432414363
"1377",2016-10-08,30.6,1377,0.751965065600694
"1378",2016-10-09,30.92,1378,0.761746724990622
"1379",2016-10-10,29.77777778,1379,0.726831635291725
"1380",2016-10-11,29.66666667,1380,0.723435225815297
"1381",2016-10-12,29.57142857,1381,0.720524017517973
"1382",2016-10-13,29.96296296,1382,0.732492317650545
"1383",2016-10-14,29.75,1383,0.725982532846199
"1384",2016-10-15,27.74074074,1384,0.664564127510642
"1385",2016-10-16,28.42857143,1385,0.685589519784138
"1386",2016-10-17,28.6,1386,0.690829694413646
"1387",2016-10-18,28.5,1387,0.687772925854293
"1388",2016-10-19,28.92592593,1388,0.700792495768663
"1389",2016-10-20,29.07692308,1389,0.705408129175381
"1390",2016-10-21,28.40909091,1390,0.68499404537358
"1391",2016-10-22,29.33333333,1391,0.713245997080338
"1392",2016-10-23,27.5,1392,0.657205240260769
"1393",2016-10-24,28.5,1393,0.687772925854293
"1394",2016-10-25,28.04,1394,0.673711790481272
"1395",2016-10-26,27.57692308,1395,0.659556600785095
"1396",2016-10-27,26.55555556,1396,0.628335759558297
"1397",2016-10-28,25.51851852,1397,0.596635937370738
"1398",2016-10-29,25.81481481,1398,0.605693029205986
"1399",2016-10-30,24.82608696,1399,0.575469907149625
"1400",2016-10-31,24.53846154,1400,0.56667786374236
"1401",2016-11-01,24.38461538,1401,0.561975142693709
"1402",2016-11-02,23.72727273,1402,0.541881699241295
"1403",2016-11-03,25.64,1403,0.600349345056814
"1404",2016-11-04,24.81481481,1404,0.575125343612462
"1405",2016-11-05,23.11538462,1405,0.523177695876399
"1406",2016-11-06,22.92592593,1406,0.517386382207518
"1407",2016-11-07,24.54545455,1407,0.566891623873392
"1408",2016-11-08,23.73076923,1408,0.541988579153972
"1409",2016-11-09,23,1409,0.519650655089911
"1410",2016-11-10,23.51851852,1410,0.53550056618369
"1411",2016-11-11,23.92,1411,0.547772925835953
"1412",2016-11-12,23.53846154,1412,0.536110178148835
"1413",2016-11-13,24.2962963,1413,0.559275432824359
"1414",2016-11-14,23.34615385,1414,0.530231777143699
"1415",2016-11-15,22.24,1415,0.496419214038832
"1416",2016-11-16,21.76923077,1416,0.482028888229087
"1417",2016-11-17,21.73076923,1417,0.480853207966924
"1418",2016-11-18,21.73076923,1418,0.480853207966924
"1419",2016-11-19,20.66666667,1419,0.44832605547358
"1420",2016-11-20,22.25,1420,0.496724890894767
"1421",2016-11-21,21.53846154,1421,0.474974806961787
"1422",2016-11-22,22.57894737,1422,0.506780050677744
"1423",2016-11-23,22.82608696,1423,0.514334535962577
"1424",2016-11-24,21.42105263,1424,0.471385888315029
"1425",2016-11-25,23.6,1425,0.537991266446025
"1426",2016-11-26,24.29411765,1426,0.559208836536141
"1427",2016-11-27,23.63636364,1427,0.539102818760581
"1428",2016-11-28,22.45454545,1428,0.502977371899953
"1429",2016-11-29,21.61111111,1429,0.477195536176052
"1430",2016-11-30,19.86956522,1430,0.423960508963838
"1431",2016-12-01,19.75,1431,0.420305676910957
"1432",2016-12-02,19.20833333,1432,0.403748180445906
"1433",2016-12-03,21.20833333,1433,0.464883551632954
"1434",2016-12-04,18.9,1434,0.394323144156462
"1435",2016-12-05,18.63636364,1435,0.38626439079296
"1436",2016-12-06,18.53846154,1436,0.383271750181215
"1437",2016-12-07,18.25,1437,0.374454148520671
"1438",2016-12-08,16.9,1438,0.333187772969413
"1439",2016-12-09,19.41666667,1439,0.410116448481675
"1440",2016-12-10,16.44444444,1440,0.319262493840951
"1441",2016-12-11,20.04166667,1441,0.429221251977627
"1442",2016-12-12,19.90909091,1442,0.425168717828625
"1443",2016-12-13,19.05,1443,0.39890829699549
"1444",2016-12-14,18.55555556,1444,0.383794274810104
"1445",2016-12-15,18.16666667,1445,0.371906841489769
"1446",2016-12-16,15.83333333,1446,0.300582241567762
"1447",2016-12-17,17.5,1447,0.351528384325528
"1448",2016-12-18,16.08333333,1448,0.308224162966143
"1449",2016-12-19,17.85714286,1449,0.36244541498198
"1450",2016-12-20,19.8,1450,0.421834061190633
"1451",2016-12-21,18.05,1451,0.368340611401966
"1452",2016-12-22,17.28571429,1452,0.344978166115063
"1453",2016-12-23,15.55,1453,0.291921397418156
"1454",2016-12-24,17.31818182,1454,0.345970623364101
"1455",2016-12-25,14,1455,0.244541484748193
"1456",2016-12-26,17.14285714,1456,0.340611353669076
"1457",2016-12-27,16.85,1457,0.331659388689737
"1458",2016-12-28,17.2173913,1458,0.342889690437933
"1459",2016-12-29,15.23809524,1459,0.282387190779352
"1460",2016-12-30,14.0952381,1460,0.247452693045518
"1461",2016-12-31,15.05263158,1461,0.276717995931448
"1462",2017-01-01,15.91304348,1462,0.303018796371575
"1463",2017-01-02,18.5,1463,0.382096069919052
"1464",2017-01-03,17.11111111,1464,0.339640951005193
"1465",2017-01-04,18.7,1465,0.388209607037757
"1466",2017-01-05,18.38888889,1466,0.378699660442624
"1467",2017-01-06,19.31818182,1467,0.407105994551149
"1468",2017-01-07,14.70833333,1468,0.266193595275047
"1469",2017-01-08,15.68421053,1469,0.296023902702536
"1470",2017-01-09,14.57142857,1470,0.26200873361511
"1471",2017-01-10,12.11111111,1471,0.186802523037572
"1472",2017-01-11,11,1472,0.152838427967621
"1473",2017-01-12,11.78947368,1473,0.176970811202223
"1474",2017-01-13,13.23529412,1474,0.221166195836834
"1475",2017-01-14,13.2,1475,0.220087336273374
"1476",2017-01-15,16.43478261,1476,0.318967154059253
"1477",2017-01-16,14.65,1477,0.264410480383984
"1478",2017-01-17,11.72222222,1478,0.174915089717238
"1479",2017-01-18,13.04166667,1479,0.215247452822958
"1480",2017-01-19,14.61904762,1480,0.263464337763773
"1481",2017-01-20,15.26315789,1481,0.283153297984693
"1482",2017-01-21,15.39130435,1482,0.287070438683896
"1483",2017-01-22,18.44,1483,0.380262008783441
"1484",2017-01-23,18.11764706,1484,0.370408425463372
"1485",2017-01-24,18.34782609,1485,0.377444465682635
"1486",2017-01-25,21,1486,0.458515283902862
"1487",2017-01-26,16.17857143,1487,0.311135371263468
"1488",2017-01-27,16.5,1488,0.320960698732004
"1489",2017-01-28,14.86363636,1489,0.270940849467809
"1490",2017-01-29,15.66666667,1490,0.295487627505959
"1491",2017-01-30,16.44444444,1491,0.319262493840951
"1492",2017-01-31,16.125,1492,0.309497816634432
"1493",2017-02-01,15.25,1493,0.282751091740098
"1494",2017-02-02,17.09090909,1494,0.339023422009479
"1495",2017-02-03,15.63636364,1495,0.294561334012388
"1496",2017-02-04,18.7,1496,0.388209607037757
"1497",2017-02-05,18.63157895,1497,0.386118133893378
"1498",2017-02-06,16.88888889,1498,0.332848132052338
"1499",2017-02-07,15.125,1499,0.278930131040908
"1500",2017-02-08,15.7,1500,0.296506550257184
"1501",2017-02-09,15.375,1501,0.286572052439289
"1502",2017-02-10,14.66666667,1502,0.264919941912435
"1503",2017-02-11,15.625,1503,0.29421397383767
"1504",2017-02-12,16.25,1504,0.313318777333623
"1505",2017-02-13,16.33333333,1505,0.315866084364524
"1506",2017-02-14,16.875,1506,0.332423580829575
"1507",2017-02-15,17.57142857,1507,0.353711790395683
"1508",2017-02-16,20.25,1508,0.435589519707719
"1509",2017-02-17,21.3,1509,0.46768558958092
"1510",2017-02-18,21.125,1510,0.462336244602053
"1511",2017-02-19,22.36363636,1511,0.50019849141924
"1512",2017-02-20,23.375,1512,0.531113537187482
"1513",2017-02-21,21.83333333,1513,0.483988355128907
"1514",2017-02-22,19.125,1514,0.401200873415004
"1515",2017-02-23,18.625,1515,0.385917030618242
"1516",2017-02-24,19.125,1516,0.401200873415004
"1517",2017-02-25,19,1517,0.397379912715814
"1518",2017-02-26,18.75,1518,0.389737991317433
"1519",2017-02-27,19.875,1519,0.424126637610148
"1520",2017-02-28,23.33333333,1520,0.529839883519193
"1521",2017-03-01,24.46153846,1521,0.564326503218034
"1522",2017-03-02,23.75,1522,0.542576419285054
"1523",2017-03-03,20.5,1523,0.4432314411061
"1524",2017-03-04,19.125,1524,0.401200873415004
"1525",2017-03-05,19.75,1525,0.420305676910957
"1526",2017-03-06,20,1526,0.427947598309338
"1527",2017-03-07,22.625,1527,0.508187772992339
"1528",2017-03-08,21.54545455,1528,0.475188567092819
"1529",2017-03-09,20.78571429,1529,0.451965065692397
"1530",2017-03-10,19.9375,1530,0.426037117959743
"1531",2017-03-11,18.53333333,1531,0.383114992670277
"1532",2017-03-12,17.375,1532,0.347707423626337
"1533",2017-03-13,17.44444444,1533,0.349830179434476
"1534",2017-03-14,18,1534,0.36681222712229
"1535",2017-03-15,19.875,1535,0.424126637610148
"1536",2017-03-16,24,1536,0.550218340683435
"1537",2017-03-17,20.9,1537,0.45545851534351
"1538",2017-03-18,24.69230769,1538,0.571380584485334
"1539",2017-03-19,24.66666667,1539,0.570596797847676
"1540",2017-03-20,23.33333333,1540,0.529839883519193
"1541",2017-03-21,25,1541,0.580786026276959
"1542",2017-03-22,27.25,1542,0.649563318862388
"1543",2017-03-23,28,1543,0.672489083057531
"1544",2017-03-24,28.91666667,1544,0.700509461620154
"1545",2017-03-25,26.5,1545,0.626637554667245
"1546",2017-03-26,29.1,1546,0.706113537210408
"1547",2017-03-27,29.5,1547,0.718340611447818
"1548",2017-03-28,29.88888889,1548,0.730228044768152
"1549",2017-03-29,31,1549,0.764192139838104
"1550",2017-03-30,29.28571429,1550,0.711790393237352
"1551",2017-03-31,30.625,1551,0.752729257740532
"1552",2017-04-01,31.375,1552,0.775655021935675
"1553",2017-04-02,29.75,1553,0.725982532846199
"1554",2017-04-03,30.5,1554,0.748908297041342
"1555",2017-04-04,30.93333333,1555,0.762154294029977
"1556",2017-04-05,29.23076923,1556,0.710110849918355
"1557",2017-04-06,31.22222222,1557,0.770984958790959
"1558",2017-04-07,27,1558,0.641921397464007
"1559",2017-04-08,25.625,1559,0.599890829772912
"1560",2017-04-09,27.125,1560,0.645742358163198
"1561",2017-04-10,27.85714286,1561,0.668122270917221
"1562",2017-04-11,29.25,1562,0.710698690049437
"1563",2017-04-12,29.25,1563,0.710698690049437
"1564",2017-04-13,29.66666667,1564,0.723435225815297
"1565",2017-04-14,30.5,1565,0.748908297041342
"1566",2017-04-15,31.22222222,1566,0.770984958790959
"1567",2017-04-16,31,1567,0.764192139838104
"1568",2017-04-17,32.55555556,1568,0.811741873119442
"1569",2017-04-18,34,1569,0.855895196618676
"1570",2017-04-19,33.5,1570,0.840611353821914
"1571",2017-04-20,34.5,1571,0.871179039415438
"1572",2017-04-21,34.25,1572,0.863537118017057
"1573",2017-04-22,32.9,1573,0.8222707424658
"1574",2017-04-23,32.875,1574,0.821506550325962
"1575",2017-04-24,32,1575,0.794759825431628
